time,power
00:01:00, 55.085508550853845,
00:02:00, 54.86948694869375,
00:03:00, 54.941494149413685,
00:04:00, 54.5094509450934,
00:05:00, 54.581458145813336,
00:06:00, 54.43744374437324,
00:07:00, 54.43744374437316,
00:08:00, 54.14941494149305,
00:09:00, 54.00540054005289,
00:10:00, 54.07740774077297,
00:11:00, 54.0774077407729,
00:12:00, 54.22142214221299,
00:13:00, 54.29342934293307,
00:14:00, 54.581458145813336,
00:15:00, 54.65346534653342,
00:16:00, 54.581458145813414,
00:17:00, 54.36543654365316,
00:18:00, 54.72547254725358,
00:19:00, 54.65346534653357,
00:20:00, 54.72547254725343,
00:21:00, 54.581458145813556,
00:22:00, 54.14941494149298,
00:23:00, 54.22142214221314,
00:24:00, 54.653465346533494,
00:25:00, 55.013501350133836,
00:26:00, 54.94149414941376,
00:27:00, 54.725472547253574,
00:28:00, 54.7254725472535,
00:29:00, 55.013501350133765,
00:30:00, 55.15751575157386,
00:31:00, 54.79747974797351,
00:32:00, 54.58145814581326,
00:33:00, 55.085508550853774,
00:34:00, 55.085508550853774,
00:35:00, 55.22952295229395,
00:36:00, 55.085508550853774,
00:37:00, 55.15751575157386,
00:38:00, 55.37353735373419,
00:39:00, 55.157515751573854,
00:40:00, 54.79747974797351,
00:41:00, 54.50945094509325,
00:42:00, 55.01350135013384,
00:43:00, 54.9414941494136,
00:44:00, 54.7254725472535,
00:45:00, 54.94149414941368,
00:46:00, 55.15751575157394,
00:47:00, 55.08550855085385,
00:48:00, 54.50945094509332,
00:49:00, 54.79747974797358,
00:50:00, 54.79747974797351,
00:51:00, 55.157515751573854,
00:52:00, 54.941494149413685,
00:53:00, 54.94149414941368,
00:54:00, 54.79747974797351,
00:55:00, 54.581458145813414,
00:56:00, 54.29342934293322,
00:57:00, nan,
00:58:00, 54.07740774077297,
00:59:00, 54.581458145813485,
01:00:00, 54.36543654365316,
01:01:00, 54.79747974797366,
01:02:00, 54.94149414941361,
01:03:00, 54.36543654365339,
01:04:00, 54.50945094509317,
01:05:00, 55.085508550853774,
01:06:00, 54.86948694869368,
01:07:00, 55.22952295229395,
01:08:00, 55.157515751573854,
01:09:00, 55.085508550853774,
01:10:00, 55.30153015301403,
01:11:00, 55.157515751573854,
01:12:00, 54.86948694869359,
01:13:00, 55.013501350133765,
01:14:00, 55.013501350133694,
01:15:00, 55.013501350133765,
01:16:00, 54.941494149413685,
01:17:00, 55.08550855085393,
01:18:00, 55.085508550853774,
01:19:00, 54.94149414941376,
01:20:00, 55.013501350133765,
01:21:00, 54.941494149413685,
01:22:00, 55.08550855085393,
01:23:00, 55.013501350133765,
01:24:00, 55.085508550853845,
01:25:00, 54.581458145813414,
01:26:00, 54.86948694869359,
01:27:00, 54.79747974797359,
01:28:00, 54.43744374437347,
01:29:00, 54.50945094509333,
01:30:00, 54.50945094509332,
01:31:00, 54.293429342932924,
01:32:00, 54.58145814581326,
01:33:00, 54.79747974797359,
01:34:00, 54.65346534653334,
01:35:00, 54.65346534653334,
01:36:00, 54.50945094509332,
01:37:00, 54.653465346533345,
01:38:00, 54.7254725472535,
01:39:00, 54.293429342933145,
01:40:00, 54.725472547253574,
01:41:00, 55.22952295229402,
01:42:00, 55.22952295229395,
01:43:00, 55.085508550853774,
01:44:00, 55.013501350133765,
01:45:00, 54.86948694869375,
01:46:00, 54.581458145813485,
01:47:00, 54.725472547253574,
01:48:00, 54.72547254725343,
01:49:00, 54.581458145813414,
01:50:00, 54.4374437443734,
01:51:00, 54.7254725472535,
01:52:00, 54.65346534653357,
01:53:00, 54.65346534653334,
01:54:00, 54.653465346533494,
01:55:00, 54.72547254725343,
01:56:00, 54.86948694869352,
01:57:00, 54.65346534653342,
01:58:00, nan,
01:59:00, 54.941494149413685,
02:00:00, 54.86948694869368,
02:01:00, 55.01350135013384,
02:02:00, 55.30153015301403,
02:03:00, nan,
02:04:00, 55.30153015301403,
02:05:00, 55.085508550853774,
02:06:00, 55.085508550853774,
02:07:00, 55.085508550853845,
02:08:00, 55.22952295229395,
02:09:00, 55.085508550853845,
02:10:00, 54.725472547253574,
02:11:00, 54.79747974797351,
02:12:00, 55.085508550853774,
02:13:00, 55.30153015301403,
02:14:00, 55.22952295229395,
02:15:00, 55.22952295229395,
02:16:00, 55.58955895589436,
02:17:00, 55.085508550853774,
02:18:00, 55.157515751573854,
02:19:00, 55.22952295229402,
02:20:00, 54.941494149413685,
02:21:00, 55.157515751573854,
02:22:00, nan,
02:23:00, 55.085508550853774,
02:24:00, 55.013501350133836,
02:25:00, 55.013501350133694,
02:26:00, 54.725472547253425,
02:27:00, 54.58145814581341,
02:28:00, 54.725472547253574,
02:29:00, 54.72547254725343,
02:30:00, 54.437443744373084,
02:31:00, 54.79747974797367,
02:32:00, 54.58145814581333,
02:33:00, 54.36543654365308,
02:34:00, 53.3573357335722,
02:35:00, 54.0774077407729,
02:36:00, 54.293429342932924,
02:37:00, nan,
02:38:00, 54.86948694869367,
02:39:00, 55.013501350133765,
02:40:00, 55.22952295229402,
02:41:00, 55.085508550853774,
02:42:00, 55.157515751573854,
02:43:00, 55.08550855085385,
02:44:00, 54.9414941494136,
02:45:00, 54.86948694869368,
02:46:00, 54.79747974797351,
02:47:00, 54.7254725472535,
02:48:00, 54.79747974797343,
02:49:00, 54.86948694869368,
02:50:00, 54.7254725472535,
02:51:00, 54.94149414941368,
02:52:00, 55.22952295229395,
02:53:00, 55.301530153014106,
02:54:00, 54.79747974797351,
02:55:00, 55.085508550853774,
02:56:00, 54.8694869486936,
02:57:00, 54.8694869486936,
02:58:00, 54.86948694869359,
02:59:00, 55.013501350133765,
03:00:00, 55.085508550853774,
03:01:00, 55.013501350133694,
03:02:00, 55.013501350133765,
03:03:00, 55.08550855085393,
03:04:00, 55.15751575157394,
03:05:00, 54.941494149413685,
03:06:00, 55.085508550853845,
03:07:00, 55.085508550853774,
03:08:00, 55.013501350133765,
03:09:00, 55.013501350133765,
03:10:00, 55.08550855085385,
03:11:00, 54.94149414941383,
03:12:00, 54.79747974797344,
03:13:00, 54.43744374437316,
03:14:00, 54.365436543653004,
03:15:00, 54.653465346533416,
03:16:00, 54.94149414941361,
03:17:00, 54.79747974797358,
03:18:00, 54.58145814581326,
03:19:00, 54.79747974797351,
03:20:00, 54.79747974797359,
03:21:00, 54.86948694869352,
03:22:00, 54.86948694869359,
03:23:00, 55.157515751573854,
03:24:00, 55.22952295229395,
03:25:00, 55.085508550853845,
03:26:00, 54.86948694869359,
03:27:00, 54.94149414941361,
03:28:00, 55.085508550853774,
03:29:00, 54.8694869486936,
03:30:00, 54.9414941494136,
03:31:00, 54.725472547253425,
03:32:00, 55.013501350133765,
03:33:00, 54.79747974797344,
03:34:00, 54.65346534653334,
03:35:00, 54.14941494149282,
03:36:00, nan,
03:37:00, 54.50945094509325,
03:38:00, 54.29342934293307,
03:39:00, 54.2934293429333,
03:40:00, 54.43744374437316,
03:41:00, 54.72547254725365,
03:42:00, 54.29342934293307,
03:43:00, 54.14941494149275,
03:44:00, 54.5094509450934,
03:45:00, 54.7254725472535,
03:46:00, 54.79747974797358,
03:47:00, 54.86948694869375,
03:48:00, 54.50945094509325,
03:49:00, 54.65346534653342,
03:50:00, 54.50945094509332,
03:51:00, 54.50945094509325,
03:52:00, 54.43744374437331,
03:53:00, 54.36543654365323,
03:54:00, 54.22142214221306,
03:55:00, 54.365436543653075,
03:56:00, 54.293429342933145,
03:57:00, 54.22142214221306,
03:58:00, 54.65346534653342,
03:59:00, 54.36543654365316,
04:00:00, 54.79747974797359,
04:01:00, 54.29342934293307,
04:02:00, nan,
04:03:00, 54.43744374437324,
04:04:00, 54.293429342933145,
04:05:00, 54.29342934293307,
04:06:00, 53.86138613861279,
04:07:00, 53.71737173717263,
04:08:00, 53.933393339332724,
04:09:00, 54.293429342932995,
04:10:00, 54.07740774077311,
04:11:00, 53.933393339332795,
04:12:00, 54.36543654365315,
04:13:00, 53.861386138612644,
04:14:00, 54.0774077407729,
04:15:00, 54.293429342932924,
04:16:00, 53.933393339332795,
04:17:00, 54.43744374437324,
04:18:00, 54.36543654365315,
04:19:00, 54.22142214221314,
04:20:00, 54.58145814581333,
04:21:00, nan,
04:22:00, 54.725472547253574,
04:23:00, 54.29342934293314,
04:24:00, 53.7173717371724,
04:25:00, 53.93339333933264,
04:26:00, 53.717371737172556,
04:27:00, 53.71737173717254,
04:28:00, 53.78937893789271,
04:29:00, 53.93339333933264,
04:30:00, 53.86138613861249,
04:31:00, 53.57335733573238,
04:32:00, 54.22142214221306,
04:33:00, 54.58145814581318,
04:34:00, 54.29342934293315,
04:35:00, 54.50945094509325,
04:36:00, 54.72547254725343,
04:37:00, 54.58145814581326,
04:38:00, 54.50945094509332,
04:39:00, 54.36543654365315,
04:40:00, 53.93339333933257,
04:41:00, 54.365436543653004,
04:42:00, 54.43744374437317,
04:43:00, 54.22142214221306,
04:44:00, 54.14941494149291,
04:45:00, 54.293429342932995,
04:46:00, 54.22142214221306,
04:47:00, 54.221422142212916,
04:48:00, 54.14941494149305,
04:49:00, 54.50945094509325,
04:50:00, 54.29342934293307,
04:51:00, 53.50135013501229,
04:52:00, nan,
04:53:00, 54.36543654365316,
04:54:00, 54.65346534653342,
04:55:00, 54.79747974797367,
04:56:00, 54.86948694869359,
04:57:00, 54.43744374437324,
04:58:00, 53.35733573357213,
04:59:00, 53.71737173717263,
05:00:00, 52.92529252925176,
05:01:00, 52.70927092709144,
05:02:00, 53.069306930691795,
05:03:00, 52.99729972997163,
05:04:00, 52.85328532853161,
05:05:00, 53.3573357335722,
05:06:00, 53.78937893789271,
05:07:00, 54.221422142212845,
05:08:00, 53.42934293429205,
05:09:00, 52.853285328531754,
05:10:00, 52.9972997299717,
05:11:00, 52.7812781278116,
05:12:00, 52.70927092709144,
05:13:00, 52.9972997299717,
05:14:00, 53.14131413141172,
05:15:00, 52.85328532853153,
05:16:00, 52.70927092709151,
05:17:00, 52.9972997299717,
05:18:00, 53.06930693069164,
05:19:00, 52.92529252925161,
05:20:00, 53.71737173717254,
05:21:00, 53.50135013501222,
05:22:00, 53.64536453645215,
05:23:00, 52.70927092709144,
05:24:00, 52.63726372637143,
05:25:00, 52.63726372637143,
05:26:00, 52.56525652565142,
05:27:00, 52.56525652565142,
05:28:00, 52.4212421242114,
05:29:00, 52.70927092709144,
05:30:00, 52.70927092709144,
05:31:00, 52.78127812781145,
05:32:00, 52.56525652565142,
05:33:00, 52.78127812781145,
05:34:00, 52.63726372637143,
05:35:00, 52.49324932493141,
05:36:00, 52.70927092709144,
05:37:00, 52.78127812781145,
05:38:00, 52.63726372637143,
05:39:00, 52.56525652565142,
05:40:00, 52.78127812781145,
05:41:00, 52.853285328531456,
05:42:00, 52.70927092709144,
05:43:00, 52.63726372637143,
05:44:00, 52.63726372637143,
05:45:00, 52.70927092709144,
05:46:00, 52.63726372637143,
05:47:00, 52.70927092709144,
05:48:00, 52.56525652565142,
05:49:00, 52.70927092709144,
05:50:00, 52.49324932493141,
05:51:00, 52.63726372637143,
05:52:00, 52.49324932493141,
05:53:00, 52.63726372637143,
05:54:00, 52.56525652565142,
05:55:00, 52.4212421242114,
05:56:00, 52.56525652565142,
05:57:00, nan,
05:58:00, 52.78127812781145,
05:59:00, 52.63726372637143,
06:00:00, 52.78127812781145,
06:01:00, 52.49324932493141,
06:02:00, 52.70927092709144,
06:03:00, 52.853285328531456,
06:04:00, 52.63726372637143,
06:05:00, 52.56525652565142,
06:06:00, 52.853285328531456,
06:07:00, 52.56525652565142,
06:08:00, 52.56525652565142,
06:09:00, 52.63726372637143,
06:10:00, 52.70927092709144,
06:11:00, 52.56525652565142,
06:12:00, 52.4212421242114,
06:13:00, 52.49324932493141,
06:14:00, 52.349234923491395,
06:15:00, 52.349234923491395,
06:16:00, 52.56525652565142,
06:17:00, 52.277227722771386,
06:18:00, 52.349234923491395,
06:19:00, 52.49324932493141,
06:20:00, 52.277227722771386,
06:21:00, nan,
06:22:00, 52.49324932493141,
06:23:00, 52.63726372637143,
06:24:00, 52.4212421242114,
06:25:00, nan,
06:26:00, 52.56525652565142,
06:27:00, 52.63726372637143,
06:28:00, 52.349234923491395,
06:29:00, 52.4212421242114,
06:30:00, nan,
06:31:00, 52.349234923491395,
06:32:00, 52.49324932493141,
06:33:00, 52.277227722771386,
06:34:00, 52.277227722771386,
06:35:00, 52.277227722771386,
06:36:00, 52.277227722771386,
06:37:00, 52.277227722771386,
06:38:00, 52.277227722771386,
06:39:00, 52.349234923491395,
06:40:00, 52.277227722771386,
06:41:00, 52.277227722771386,
06:42:00, 52.349234923491395,
06:43:00, 52.49324932493141,
06:44:00, 52.70927092709144,
06:45:00, 52.4212421242114,
06:46:00, 52.63726372637143,
06:47:00, 52.63726372637143,
06:48:00, 52.4212421242114,
06:49:00, 52.63726372637143,
06:50:00, 52.63726372637143,
06:51:00, 52.49324932493141,
06:52:00, 52.63726372637143,
06:53:00, 52.4212421242114,
06:54:00, 52.277227722771386,
06:55:00, 52.4212421242114,
06:56:00, 52.49324932493141,
06:57:00, 51.125112511251174,
06:58:00, 50.83708370837114,
06:59:00, 50.4050405040507,
07:00:00, 50.26102610261039,
07:01:00, 49.252925292529426,
07:02:00, 48.964896489649085,
07:03:00, 48.38883888388856,
07:04:00, 48.02880288028822,
07:05:00, 47.7407740774078,
07:06:00, 47.1647164716472,
07:07:00, 44.14041404140479,
07:08:00, 39.81998199820062,
07:09:00, 35.49954995499555,
07:10:00, 35.499549954996155,
07:11:00, 36.21962196219685,
07:12:00, 33.91539153915369,
07:13:00, 32.403240324032595,
07:14:00, 31.971197119711483,
07:15:00, 32.25922592259159,
07:16:00, 31.107110711071073,
07:17:00, 28.874887488748453,
07:18:00, 27.218721872187416,
07:19:00, 26.354635463546703,
07:20:00, 28.370837083708544,
07:21:00, 27.86678667866787,
07:22:00, 23.83438343834382,
07:23:00, 18.649864986498944,
07:24:00, 15.337533753375357,
07:25:00, 8.136813681368265,
07:26:00, 2.1602160216023094,
07:27:00, -3.024302430242944,
07:28:00, 16.777677767776975,
07:29:00, -0.7920792079206258,
07:30:00, -9.28892889288909,
07:31:00, -10.729072907290778,
07:32:00, -10.513051305129999,
07:33:00, -13.537353735372488,
07:34:00, -15.697569756974946,
07:35:00, -18.21782178217753,
07:36:00, -21.2421242124204,
07:37:00, -29.450945094508825,
07:38:00, -36.291629162916024,
07:39:00, nan,
07:40:00, nan,
07:41:00, -46.01260126012555,
07:42:00, -51.485148514851446,
07:43:00, -67.54275427542734,
07:44:00, -74.52745274527442,
07:45:00, -74.23942394239384,
07:46:00, -74.81548154815422,
07:47:00, nan,
07:48:00, -90.22502250224974,
07:49:00, -95.19351935193473,
07:50:00, -97.13771377137694,
07:51:00, -91.52115211521125,
07:52:00, -88.49684968496845,
07:53:00, -91.37713771377108,
07:54:00, -102.61026102610246,
07:55:00, -112.97929792979275,
07:56:00, -111.7551755175516,
07:57:00, -114.13141314131425,
07:58:00, -107.00270027002685,
07:59:00, -102.9702970297025,
08:00:00, -105.77857785778534,
08:01:00, -116.36363636363619,
08:02:00, -129.10891089108878,
08:03:00, -129.2529252925291,
08:04:00, -130.83708370837076,
08:05:00, -128.38883888388833,
08:06:00, -123.06030603060299,
08:07:00, -121.33213321332155,
08:08:00, -123.56435643564359,
08:09:00, -131.98919891989198,
08:10:00, -145.38253825382532,
08:11:00, -156.97569756975707,
08:12:00, -163.67236723672355,
08:13:00, -159.92799279927982,
08:14:00, -150.85508550855093,
08:15:00, -145.67056705670558,
08:16:00, -143.222322232223,
08:17:00, -143.7263726372637,
08:18:00, -150.35103510351024,
08:19:00, -162.6642664266426,
08:20:00, -178.72187218721848,
08:21:00, -192.11521152115165,
08:22:00, -195.427542754275,
08:23:00, -195.71557155715544,
08:24:00, -185.49054905490524,
08:25:00, -174.0414041404137,
08:26:00, -166.6246624662464,
08:27:00, nan,
08:28:00, -168.0648064806478,
08:29:00, -177.71377137713748,
08:30:00, -190.53105310531032,
08:31:00, -206.1566156615658,
08:32:00, -215.7335733573354,
08:33:00, -215.301530153015,
08:34:00, -205.58055805580503,
08:35:00, -193.98739873987347,
08:36:00, -184.69846984698424,
08:37:00, -179.51395139513966,
08:38:00, -177.9297929792977,
08:39:00, -180.3780378037804,
08:40:00, -187.21872187218733,
08:41:00, -196.93969396939642,
08:42:00, -205.292529252925,
08:43:00, -211.19711971197097,
08:44:00, -217.60576057605698,
08:45:00, -221.56615661566155,
08:46:00, -220.63006300630065,
08:47:00, -218.18181818181748,
08:48:00, -214.58145814581457,
08:49:00, -210.04500450044935,
08:50:00, -206.3726372637255,
08:51:00, -204.716471647164,
08:52:00, -205.2925292529248,
08:53:00, -207.81278127812743,
08:54:00, -213.42934293429306,
08:55:00, -221.85418541854165,
08:56:00, -232.58325832583222,
08:57:00, -245.54455445544545,
08:58:00, -260.1620162016202,
08:59:00, -275.42754275427535,
09:00:00, -290.1170117011699,
09:01:00, -305.094509450945,
09:02:00, -319.78397839783963,
09:03:00, -334.1134113411339,
09:04:00, -347.29072907290697,
09:05:00, -359.3879387938792,
09:06:00, -369.3969396939689,
09:07:00, -377.53375337533737,
09:08:00, -384.2304230423042,
09:09:00, -389.5589558955892,
09:10:00, -393.51935193519364,
09:11:00, -396.039603960396,
09:12:00, -397.9837983798376,
09:13:00, -399.7839783978401,
09:14:00, -401.3681368136813,
09:15:00, nan,
09:16:00, -404.3204320432043,
09:17:00, -405.5445544554461,
09:18:00, -407.20072007200656,
09:19:00, -408.4248424842483,
09:20:00, -410.4410441044105,
09:21:00, -412.7452745274525,
09:22:00, -414.329432943294,
09:23:00, -415.9855985598566,
09:24:00, -417.56975697569726,
09:25:00, -418.0738073807379,
09:26:00, -419.0819081908189,
09:27:00, -419.80198019801935,
09:28:00, -420.16201620161996,
09:29:00, -421.0981098109811,
09:30:00, -420.66606660666116,
09:31:00, -421.17011701170156,
09:32:00, -420.9540954095413,
09:33:00, -420.8100810081014,
09:34:00, -420.9540954095414,
09:35:00, -420.7380738073813,
09:36:00, -420.8100810081014,
09:37:00, -420.6660666066613,
09:38:00, -420.95409540954154,
09:39:00, -420.95409540954154,
09:40:00, -421.3141314131417,
09:41:00, -421.2421242124216,
09:42:00, -421.3861386138617,
09:43:00, -421.3141314131416,
09:44:00, -421.67416741674174,
09:45:00, -421.6021602160216,
09:46:00, -421.81818181818187,
09:47:00, -421.67416741674185,
09:48:00, -421.81818181818187,
09:49:00, -421.5301530153016,
09:50:00, -421.74617461746186,
09:51:00, -421.74617461746163,
09:52:00, -421.74617461746186,
09:53:00, -421.4581458145815,
09:54:00, -421.31413141314147,
09:55:00, -420.7380738073813,
09:56:00, nan,
09:57:00, -421.3141314131416,
09:58:00, -421.89018901890176,
09:59:00, -421.4581458145816,
10:00:00, -421.4581458145816,
10:01:00, -421.3141314131416,
10:02:00, -421.6021602160216,
10:03:00, -421.74617461746186,
10:04:00, -421.81818181818176,
10:05:00, -421.8901890189019,
10:06:00, -421.74617461746163,
10:07:00, -422.0342034203419,
10:08:00, -422.0342034203419,
10:09:00, -421.962196219622,
10:10:00, -421.67416741674174,
10:11:00, -421.0981098109813,
10:12:00, -421.3141314131416,
10:13:00, -421.74617461746186,
10:14:00, -421.5301530153017,
10:15:00, -421.3141314131416,
10:16:00, -421.5301530153017,
10:17:00, -421.5301530153016,
10:18:00, -421.74617461746186,
10:19:00, nan,
10:20:00, -421.5301530153016,
10:21:00, -421.8181818181817,
10:22:00, -421.6021602160215,
10:23:00, -421.9621962196219,
10:24:00, -421.5301530153015,
10:25:00, -421.9621962196219,
10:26:00, -421.3861386138616,
10:27:00, -421.67416741674185,
10:28:00, -421.8901890189019,
10:29:00, -421.74617461746163,
10:30:00, -422.106210621062,
10:31:00, -422.034203420342,
10:32:00, -422.0342034203419,
10:33:00, -421.9621962196219,
10:34:00, -420.8100810081012,
10:35:00, -421.74617461746186,
10:36:00, -420.8820882088213,
10:37:00, -421.17011701170156,
10:38:00, nan,
10:39:00, -421.3861386138616,
10:40:00, -421.3861386138616,
10:41:00, -421.5301530153016,
10:42:00, -421.17011701170134,
10:43:00, -421.31413141314147,
10:44:00, -421.6741674167416,
10:45:00, -421.5301530153016,
10:46:00, -421.74617461746163,
10:47:00, -421.5301530153016,
10:48:00, -421.74617461746163,
10:49:00, -421.6741674167416,
10:50:00, -421.8901890189019,
10:51:00, -421.45814581458137,
10:52:00, -421.81818181818164,
10:53:00, -421.5301530153016,
10:54:00, -421.6021602160216,
10:55:00, -421.9621962196219,
10:56:00, -421.9621962196219,
10:57:00, -422.03420342034195,
10:58:00, -422.0342034203419,
10:59:00, -421.81818181818164,
11:00:00, -421.45814581458137,
11:01:00, -421.81818181818164,
11:02:00, -421.9621962196219,
11:03:00, -422.106210621062,
11:04:00, -421.81818181818164,
11:05:00, -421.9621962196219,
11:06:00, nan,
11:07:00, -422.03420342034195,
11:08:00, -422.03420342034195,
11:09:00, -422.0342034203419,
11:10:00, -421.89018901890176,
11:11:00, -422.0342034203419,
11:12:00, -422.1782178217821,
11:13:00, -422.106210621062,
11:14:00, -422.25022502250215,
11:15:00, -421.89018901890176,
11:16:00, -422.17821782178214,
11:17:00, -422.106210621062,
11:18:00, -422.17821782178214,
11:19:00, -422.17821782178214,
11:20:00, -422.3222322232223,
11:21:00, -422.1782178217821,
11:22:00, -422.25022502250215,
11:23:00, -421.89018901890176,
11:24:00, -422.17821782178214,
11:25:00, -422.25022502250215,
11:26:00, -422.3222322232223,
11:27:00, -422.17821782178214,
11:28:00, -422.106210621062,
11:29:00, -422.4662466246624,
11:30:00, -422.17821782178214,
11:31:00, -422.3222322232223,
11:32:00, -422.106210621062,
11:33:00, -421.5301530153016,
11:34:00, -422.1782178217821,
11:35:00, -422.17821782178214,
11:36:00, -422.3942394239424,
11:37:00, -422.25022502250215,
11:38:00, -421.9621962196219,
11:39:00, -422.106210621062,
11:40:00, -421.81818181818164,
11:41:00, -421.9621962196219,
11:42:00, -422.25022502250215,
11:43:00, -422.2502250225022,
11:44:00, -422.25022502250215,
11:45:00, -422.1782178217821,
11:46:00, -422.25022502250215,
11:47:00, -422.4662466246624,
11:48:00, -422.5382538253825,
11:49:00, -422.3222322232223,
11:50:00, -422.4662466246624,
11:51:00, -421.74617461746175,
11:52:00, -421.0261026102612,
11:53:00, -421.74617461746175,
11:54:00, -421.3861386138615,
11:55:00, -421.4581458145815,
11:56:00, -421.6021602160216,
11:57:00, -421.4581458145815,
11:58:00, -421.89018901890176,
11:59:00, -422.3222322232223,
12:00:00, -422.3222322232223,
12:01:00, -422.3942394239424,
12:02:00, -422.5382538253825,
12:03:00, -422.3942394239424,
12:04:00, -422.5382538253825,
12:05:00, -422.25022502250215,
12:06:00, -422.4662466246624,
12:07:00, -422.3222322232223,
12:08:00, -422.3942394239424,
12:09:00, -422.17821782178214,
12:10:00, -422.3942394239424,
12:11:00, -422.17821782178214,
12:12:00, -421.890189018902,
12:13:00, -421.74617461746186,
12:14:00, -421.6021602160216,
12:15:00, -421.962196219622,
12:16:00, -422.1782178217821,
12:17:00, -422.3942394239424,
12:18:00, -422.17821782178214,
12:19:00, -422.3942394239424,
12:20:00, -422.4662466246624,
12:21:00, -422.25022502250215,
12:22:00, -422.3222322232223,
12:23:00, -422.1782178217821,
12:24:00, -422.3942394239424,
12:25:00, -422.25022502250215,
12:26:00, -422.10621062106213,
12:27:00, -422.17821782178214,
12:28:00, -422.03420342034195,
12:29:00, -422.106210621062,
12:30:00, -421.3861386138616,
12:31:00, -421.67416741674174,
12:32:00, -421.89018901890194,
12:33:00, -422.10621062106213,
12:34:00, -422.3942394239424,
12:35:00, -422.5382538253825,
12:36:00, -422.4662466246624,
12:37:00, -422.4662466246624,
12:38:00, -422.5382538253825,
12:39:00, -422.25022502250215,
12:40:00, -422.3942394239424,
12:41:00, -422.3222322232223,
12:42:00, -422.5382538253825,
12:43:00, -422.3222322232223,
12:44:00, -422.4662466246624,
12:45:00, -422.4662466246624,
12:46:00, -422.106210621062,
12:47:00, -422.68226822682266,
12:48:00, -421.8901890189019,
12:49:00, -422.4662466246624,
12:50:00, -422.034203420342,
12:51:00, -422.3222322232223,
12:52:00, -422.17821782178214,
12:53:00, -422.4662466246624,
12:54:00, -422.3942394239424,
12:55:00, -422.4662466246624,
12:56:00, -422.17821782178225,
12:57:00, -422.25022502250226,
12:58:00, -422.5382538253825,
12:59:00, -422.17821782178225,
13:00:00, -422.3942394239424,
13:01:00, -422.25022502250226,
13:02:00, -422.3222322232223,
13:03:00, -422.10621062106213,
13:04:00, -422.25022502250215,
13:05:00, -422.17821782178214,
13:06:00, -421.24212421242146,
13:07:00, -421.31413141314147,
13:08:00, -420.7380738073813,
13:09:00, -420.8820882088213,
13:10:00, -421.3141314131416,
13:11:00, -421.890189018902,
13:12:00, -421.890189018902,
13:13:00, -421.74617461746175,
13:14:00, -421.67416741674185,
13:15:00, -422.106210621062,
13:16:00, -421.0261026102613,
13:17:00, -421.60216021602184,
13:18:00, -421.962196219622,
13:19:00, -421.746174617462,
13:20:00, -421.74617461746186,
13:21:00, -421.5301530153016,
13:22:00, -421.53015301530183,
13:23:00, -421.8901890189019,
13:24:00, -421.67416741674185,
13:25:00, -421.67416741674174,
13:26:00, -421.67416741674197,
13:27:00, -421.818181818182,
13:28:00, -422.106210621062,
13:29:00, -421.5301530153016,
13:30:00, -421.67416741674185,
13:31:00, -422.034203420342,
13:32:00, -422.3222322232223,
13:33:00, -422.4662466246624,
13:34:00, -422.17821782178214,
13:35:00, -422.25022502250215,
13:36:00, -422.17821782178214,
13:37:00, -422.106210621062,
13:38:00, -422.106210621062,
13:39:00, -422.106210621062,
13:40:00, -422.25022502250215,
13:41:00, -422.034203420342,
13:42:00, -422.106210621062,
13:43:00, -421.67416741674185,
13:44:00, -421.4581458145816,
13:45:00, -421.53015301530183,
13:46:00, -421.67416741674185,
13:47:00, -421.4581458145817,
13:48:00, -422.106210621062,
13:49:00, -422.106210621062,
13:50:00, -422.106210621062,
13:51:00, -422.106210621062,
13:52:00, -422.17821782178214,
13:53:00, -422.106210621062,
13:54:00, -421.9621962196219,
13:55:00, -422.25022502250215,
13:56:00, -422.17821782178214,
13:57:00, -422.106210621062,
13:58:00, -422.106210621062,
13:59:00, -422.17821782178214,
14:00:00, -421.9621962196219,
14:01:00, -421.89018901890176,
14:02:00, -422.0342034203419,
14:03:00, -422.034203420342,
14:04:00, -422.3222322232223,
14:05:00, -422.3222322232223,
14:06:00, -422.17821782178214,
14:07:00, -422.3222322232223,
14:08:00, -422.106210621062,
14:09:00, -422.106210621062,
14:10:00, -422.106210621062,
14:11:00, -422.106210621062,
14:12:00, -422.17821782178214,
14:13:00, -422.106210621062,
14:14:00, -422.17821782178214,
14:15:00, -422.17821782178214,
14:16:00, -422.17821782178214,
14:17:00, -421.9621962196219,
14:18:00, -421.242124212421,
14:19:00, -420.7380738073804,
14:20:00, -420.30603060305987,
14:21:00, -419.5139513951391,
14:22:00, -419.009900990099,
14:23:00, -417.78577857785876,
14:24:00, -417.78577857785876,
14:25:00, -416.2736273627354,
14:26:00, -414.76147614761476,
14:27:00, -413.32133213321356,
14:28:00, -410.2250225022499,
14:29:00, -407.70477047704844,
14:30:00, -406.0486048604854,
14:31:00, -405.1845184518445,
14:32:00, -402.8802880288031,
14:33:00, -401.29612961296124,
14:34:00, -399.7119711971194,
14:35:00, -397.76777677767814,
14:36:00, -396.83168316831757,
14:37:00, -395.4635463546348,
14:38:00, -393.1593159315935,
14:39:00, -390.7830783078307,
14:40:00, -388.62286228622816,
14:41:00, -387.686768676867,
14:42:00, -385.5985598559846,
14:43:00, -384.5904590459038,
14:44:00, -383.22232223222363,
14:45:00, nan,
14:46:00, -380.3420342034202,
14:47:00, -378.397839783978,
14:48:00, -376.81368136813614,
14:49:00, -374.5814581458136,
14:50:00, -373.7173717371736,
14:51:00, -371.7011701170119,
14:52:00, -370.33303330333035,
14:53:00, -369.252925292529,
14:54:00, -367.6687668766872,
14:55:00, -364.932493249324,
14:56:00, -362.4842484248426,
14:57:00, -360.03600360036,
14:58:00, -357.01170117011645,
14:59:00, -354.2754275427534,
15:00:00, -351.68316831683205,
15:01:00, -350.24302430243034,
15:02:00, -348.44284428442825,
15:03:00, -346.6426642664261,
15:04:00, -344.5544554455437,
15:05:00, -342.6102610261024,
15:06:00, -340.5220522052208,
15:07:00, -338.4338433843383,
15:08:00, -337.2097209720969,
15:09:00, -335.9855985598555,
15:10:00, -334.25742574257345,
15:11:00, -333.5373537353727,
15:12:00, -331.0891089108913,
15:13:00, -328.6408640864086,
15:14:00, -326.9126912691266,
15:15:00, -324.6084608460839,
15:16:00, -322.66426642664203,
15:17:00, -320.6480648064809,
15:18:00, -317.83978397839775,
15:19:00, -315.96759675967553,
15:20:00, -313.0153015301523,
15:21:00, -309.77497749775,
15:22:00, -307.110711071107,
15:23:00, -305.382538253825,
15:24:00, -303.3663366336631,
15:25:00, -302.7902790279029,
15:26:00, -300.91809180918153,
15:27:00, -298.757875787579,
15:28:00, nan,
15:29:00, -294.2214221422138,
15:30:00, -291.557155715572,
15:31:00, nan,
15:32:00, -285.5085508550852,
15:33:00, -282.98829882988275,
15:34:00, -280.4680468046809,
15:35:00, -278.0198019801983,
15:36:00, -276.0036003600359,
15:37:00, -273.77137713771333,
15:38:00, -270.89108910891116,
15:39:00, -268.65886588658907,
15:40:00, -266.6426642664268,
15:41:00, nan,
15:42:00, -262.0342034203419,
15:43:00, -259.65796579657956,
15:44:00, -257.281728172817,
15:45:00, -254.83348334833468,
15:46:00, -252.24122412241218,
15:47:00, -249.86498649864947,
15:48:00, -247.20072007200702,
15:49:00, -244.60846084608448,
15:50:00, -241.80018001800173,
15:51:00, -239.06390639063892,
15:52:00, nan,
15:53:00, -233.08730873087285,
15:54:00, -230.2790279027901,
15:55:00, -227.47074707470733,
15:56:00, -225.02250225022485,
15:57:00, -222.4302430243021,
15:58:00, -219.76597659765895,
15:59:00, -216.95769576957656,
16:00:00, -214.5094509450944,
16:01:00, -211.77317731773138,
16:02:00, -209.32493249324858,
16:03:00, -206.08460846084563,
16:04:00, -203.85238523852377,
16:05:00, -201.33213321332096,
16:06:00, nan,
16:07:00, -196.72367236723625,
16:08:00, -194.27542754275373,
16:09:00, -192.54725472547247,
16:10:00, -191.32313231323104,
16:11:00, -191.5391539153913,
16:12:00, -170.8730873087306,
16:13:00, -147.9747974797479,
16:14:00, -139.04590459045897,
16:15:00, -132.6372637263727,
16:16:00, -121.33213321332127,
16:17:00, -107.00270027002679,
16:18:00, -95.69756975697547,
16:19:00, -105.20252025202483,
16:20:00, -109.9549954995498,
16:21:00, -109.52295229522937,
16:22:00, -105.92259225922581,
16:23:00, -111.10711071107092,
16:24:00, -130.47704770477048,
16:25:00, -134.00540054005393,
16:26:00, -140.12601260126016,
16:27:00, -141.35013501350153,
16:28:00, -143.1503150315031,
16:29:00, -139.33393339333907,
16:30:00, -135.73357335733567,
16:31:00, -132.2052205220523,
16:32:00, nan,
16:33:00, -125.22052205220523,
16:34:00, -121.18811881188131,
16:35:00, -117.37173717371715,
16:36:00, -112.40324032403244,
16:37:00, -109.01890189018891,
16:38:00, -106.71467146714645,
16:39:00, -103.18631863186276,
16:40:00, -98.64986498649826,
16:41:00, -94.54545454545442,
16:42:00, -91.16111611161098,
16:43:00, -88.35283528352775,
16:44:00, -84.75247524752453,
16:45:00, -81.65616561656142,
16:46:00, -77.62376237623705,
16:47:00, -73.7353735373534,
16:48:00, -67.75877587758737,
16:49:00, -63.15031503150234,
16:50:00, -58.39783978397789,
16:51:00, -54.94149414941452,
16:52:00, -53.06930693069231,
16:53:00, -51.05310531053018,
16:54:00, -49.68496849684925,
16:55:00, -47.95679567956745,
16:56:00, -44.28442844284412,
16:57:00, nan,
16:58:00, -39.89198919892003,
16:59:00, -37.01170117011702,
17:00:00, -34.20342034203433,
17:01:00, -31.03510351035114,
17:02:00, -27.362736273627355,
17:03:00, -24.050405040503698,
17:04:00, -20.810081008100422,
17:05:00, -17.425742574257356,
17:06:00, -14.257425742574016,
17:07:00, -11.449144914491018,
17:08:00, -6.552655265526102,
17:09:00, -0.8640864086409392,
17:10:00, 1.584158415841861,
17:11:00, 4.032403240323978,
17:12:00, 6.048604860486194,
17:13:00, 9.072907290729063,
17:14:00, 14.257425742574696,
17:15:00, 16.63366336633688,
17:16:00, 18.361836183618838,
17:17:00, nan,
17:18:00, 25.778577857786104,
17:19:00, 29.018901890189227,
17:20:00, 30.31503150315022,
17:21:00, 29.738973897389997,
17:22:00, 33.77137713771329,
17:23:00, 32.619261926192394,
17:24:00, 31.25112511251124,
17:25:00, 32.54725472547208,
17:26:00, 33.12331233123276,
17:27:00, 35.211521152115814,
17:28:00, 38.37983798379908,
17:29:00, 40.18001800180082,
17:30:00, 41.47614761476234,
17:31:00, 42.19621962196319,
17:32:00, 41.76417641764268,
17:33:00, 43.060306030604195,
17:34:00, 43.8523852385249,
17:35:00, 44.284428442844955,
17:36:00, 44.64446444644508,
17:37:00, 45.4365436543657,
17:38:00, 45.94059405940584,
17:39:00, 46.66066606660661,
17:40:00, 47.95679567956813,
17:41:00, 48.24482448244847,
17:42:00, 49.10891089108948,
17:43:00, nan,
17:44:00, nan,
17:45:00, 50.477047704771095,
17:46:00, 50.549054905491175,
17:47:00, 50.549054905491175,
17:48:00, 50.90909090909122,
17:49:00, 52.277227722771386,
17:50:00, 52.13321332133137,
17:51:00, 52.277227722771386,
17:52:00, 52.277227722771386,
17:53:00, 52.277227722771386,
17:54:00, 52.20522052205138,
17:55:00, 52.20522052205138,
17:56:00, 51.91719171917134,
17:57:00, 52.20522052205138,
17:58:00, 51.98919891989135,
17:59:00, 51.91719171917134,
18:00:00, 52.20522052205138,
18:01:00, 51.62916291629131,
18:02:00, 52.277227722771386,
18:03:00, nan,
18:04:00, 52.20522052205138,
18:05:00, nan,
18:06:00, 51.773177317731324,
18:07:00, 51.5571557155713,
18:08:00, 51.48514851485129,
18:09:00, 51.98919891989135,
18:10:00, 52.06120612061136,
18:11:00, 51.84518451845133,
18:12:00, 51.773177317731324,
18:13:00, 52.06120612061136,
18:14:00, 52.06120612061136,
18:15:00, 51.98919891989135,
18:16:00, 51.98919891989135,
18:17:00, 51.125112511251174,
18:18:00, 51.5571557155713,
18:19:00, 51.053105310531166,
18:20:00, 50.83708370837121,
18:21:00, 51.701170117011316,
18:22:00, 51.629162916291236,
18:23:00, 51.34113411341127,
18:24:00, 51.41314131413128,
18:25:00, 51.98919891989135,
18:26:00, 52.06120612061136,
18:27:00, 51.98919891989135,
18:28:00, 51.98919891989135,
18:29:00, 52.277227722771386,
18:30:00, 52.20522052205138,
18:31:00, 52.277227722771386,
18:32:00, 52.277227722771386,
18:33:00, 52.277227722771386,
18:34:00, 52.13321332133137,
18:35:00, 52.277227722771386,
18:36:00, 52.13321332133137,
18:37:00, 52.277227722771386,
18:38:00, 52.277227722771386,
18:39:00, 52.277227722771386,
18:40:00, 52.06120612061136,
18:41:00, 52.20522052205138,
18:42:00, 51.701170117011316,
18:43:00, nan,
18:44:00, 51.701170117011316,
18:45:00, 51.48514851485129,
18:46:00, 51.5571557155713,
18:47:00, 51.84518451845133,
18:48:00, 51.98919891989135,
18:49:00, 52.13321332133137,
18:50:00, 52.06120612061136,
18:51:00, 52.06120612061136,
18:52:00, 52.20522052205138,
18:53:00, nan,
18:54:00, 51.98919891989135,
18:55:00, 52.277227722771386,
18:56:00, 52.20522052205138,
18:57:00, 52.06120612061136,
18:58:00, nan,
18:59:00, 51.98919891989135,
19:00:00, 51.98919891989135,
19:01:00, 51.98919891989135,
19:02:00, 51.773177317731324,
19:03:00, 51.48514851485129,
19:04:00, 52.06120612061136,
19:05:00, 52.20522052205138,
19:06:00, 52.277227722771386,
19:07:00, 52.277227722771386,
19:08:00, 52.277227722771386,
19:09:00, 52.277227722771386,
19:10:00, 52.277227722771386,
19:11:00, 52.13321332133137,
19:12:00, 52.277227722771386,
19:13:00, 52.277227722771386,
19:14:00, 52.277227722771386,
19:15:00, 52.277227722771386,
19:16:00, 52.277227722771386,
19:17:00, 52.277227722771386,
19:18:00, 52.20522052205138,
19:19:00, 52.06120612061136,
19:20:00, 51.62916291629131,
19:21:00, 51.773177317731324,
19:22:00, 52.277227722771386,
19:23:00, 51.773177317731324,
19:24:00, 51.701170117011316,
19:25:00, 51.84518451845133,
19:26:00, 51.98919891989135,
19:27:00, 52.277227722771386,
19:28:00, 52.277227722771386,
19:29:00, 52.20522052205138,
19:30:00, 52.277227722771386,
19:31:00, nan,
19:32:00, 52.277227722771386,
19:33:00, 52.06120612061136,
19:34:00, 52.13321332133137,
19:35:00, 52.277227722771386,
19:36:00, 52.277227722771386,
19:37:00, 52.277227722771386,
19:38:00, 52.277227722771386,
19:39:00, 52.277227722771386,
19:40:00, 52.277227722771386,
19:41:00, 52.277227722771386,
19:42:00, 52.277227722771386,
19:43:00, 52.20522052205138,
19:44:00, 52.277227722771386,
19:45:00, 52.277227722771386,
19:46:00, 52.13321332133137,
19:47:00, nan,
19:48:00, 52.20522052205138,
19:49:00, 52.277227722771386,
19:50:00, 52.277227722771386,
19:51:00, nan,
19:52:00, 52.277227722771386,
19:53:00, 52.277227722771386,
19:54:00, 52.277227722771386,
19:55:00, 52.277227722771386,
19:56:00, 52.277227722771386,
19:57:00, 52.277227722771386,
19:58:00, 52.277227722771386,
19:59:00, 52.277227722771386,
20:00:00, 52.277227722771386,
20:01:00, 52.277227722771386,
20:02:00, 52.277227722771386,
20:03:00, 52.277227722771386,
20:04:00, 52.277227722771386,
20:05:00, 52.349234923491395,
20:06:00, 52.277227722771386,
20:07:00, 52.277227722771386,
20:08:00, 52.277227722771386,
20:09:00, 52.277227722771386,
20:10:00, 52.277227722771386,
20:11:00, 52.277227722771386,
20:12:00, 52.277227722771386,
20:13:00, 52.277227722771386,
20:14:00, 52.277227722771386,
20:15:00, 52.277227722771386,
20:16:00, 52.277227722771386,
20:17:00, 52.349234923491395,
20:18:00, 52.277227722771386,
20:19:00, 52.277227722771386,
20:20:00, 52.277227722771386,
20:21:00, 52.277227722771386,
20:22:00, 52.349234923491395,
20:23:00, 52.349234923491395,
20:24:00, 52.70927092709144,
20:25:00, 52.49324932493141,
20:26:00, 52.349234923491395,
20:27:00, nan,
20:28:00, 52.277227722771386,
20:29:00, 52.277227722771386,
20:30:00, 52.277227722771386,
20:31:00, 52.277227722771386,
20:32:00, 52.277227722771386,
20:33:00, 52.277227722771386,
20:34:00, 52.20522052205138,
20:35:00, nan,
20:36:00, 52.277227722771386,
20:37:00, 52.277227722771386,
20:38:00, 52.277227722771386,
20:39:00, 52.277227722771386,
20:40:00, 52.277227722771386,
20:41:00, 52.277227722771386,
20:42:00, 52.349234923491395,
20:43:00, 52.63726372637143,
20:44:00, 52.56525652565142,
20:45:00, nan,
20:46:00, 52.63726372637143,
20:47:00, 52.4212421242114,
20:48:00, 52.349234923491395,
20:49:00, 52.4212421242114,
20:50:00, 52.277227722771386,
20:51:00, nan,
20:52:00, 52.277227722771386,
20:53:00, 52.277227722771386,
20:54:00, 52.277227722771386,
20:55:00, 52.349234923491395,
20:56:00, 52.277227722771386,
20:57:00, 52.277227722771386,
20:58:00, 52.4212421242114,
20:59:00, 52.49324932493141,
21:00:00, 52.4212421242114,
21:01:00, 52.277227722771386,
21:02:00, 52.277227722771386,
21:03:00, 52.277227722771386,
21:04:00, 52.277227722771386,
21:05:00, 52.277227722771386,
21:06:00, 52.277227722771386,
21:07:00, 52.277227722771386,
21:08:00, 52.63726372637143,
21:09:00, 52.49324932493141,
21:10:00, 52.49324932493141,
21:11:00, 52.56525652565142,
21:12:00, 52.63726372637143,
21:13:00, 52.49324932493141,
21:14:00, 52.349234923491395,
21:15:00, 52.277227722771386,
21:16:00, 52.277227722771386,
21:17:00, 52.277227722771386,
21:18:00, nan,
21:19:00, 52.277227722771386,
21:20:00, 52.349234923491395,
21:21:00, nan,
21:22:00, 52.853285328531456,
21:23:00, 52.78127812781145,
21:24:00, 52.78127812781145,
21:25:00, 52.56525652565142,
21:26:00, 52.853285328531456,
21:27:00, 52.925292529251465,
21:28:00, 52.78127812781145,
21:29:00, 52.49324932493141,
21:30:00, 52.70927092709144,
21:31:00, 52.63726372637143,
21:32:00, 52.4212421242114,
21:33:00, 52.49324932493141,
21:34:00, 52.4212421242114,
21:35:00, 52.277227722771386,
21:36:00, 52.4212421242114,
21:37:00, 52.349234923491395,
21:38:00, 52.277227722771386,
21:39:00, 52.277227722771386,
21:40:00, 52.277227722771386,
21:41:00, 52.277227722771386,
21:42:00, 52.349234923491395,
21:43:00, nan,
21:44:00, 52.277227722771386,
21:45:00, 52.349234923491395,
21:46:00, 52.277227722771386,
21:47:00, 52.277227722771386,
21:48:00, 52.49324932493141,
21:49:00, 52.63726372637143,
21:50:00, 52.4212421242114,
21:51:00, 52.78127812781145,
21:52:00, 52.70927092709144,
21:53:00, 52.853285328531456,
21:54:00, 52.49324932493141,
21:55:00, 52.56525652565142,
21:56:00, 52.63726372637143,
21:57:00, 52.56525652565142,
21:58:00, 52.49324932493141,
21:59:00, 52.56525652565142,
22:00:00, 52.70927092709144,
22:01:00, 52.63726372637143,
22:02:00, 52.4212421242114,
22:03:00, 52.56525652565142,
22:04:00, 52.63726372637143,
22:05:00, 52.92529252925162,
22:06:00, 53.14131413141165,
22:07:00, 53.14131413141156,
22:08:00, 52.853285328531456,
22:09:00, 52.925292529251465,
22:10:00, 52.63726372637143,
22:11:00, 52.70927092709144,
22:12:00, 52.78127812781145,
22:13:00, 52.70927092709144,
22:14:00, 52.70927092709144,
22:15:00, 52.78127812781145,
22:16:00, 52.78127812781145,
22:17:00, 52.70927092709144,
22:18:00, 52.853285328531456,
22:19:00, 52.78127812781145,
22:20:00, 52.63726372637143,
22:21:00, 52.56525652565142,
22:22:00, 52.63726372637143,
22:23:00, 52.63726372637143,
22:24:00, 52.78127812781145,
22:25:00, 52.78127812781145,
22:26:00, 52.78127812781145,
22:27:00, 52.63726372637143,
22:28:00, 53.14131413141186,
22:29:00, 53.429342934292066,
22:30:00, 53.06930693069171,
22:31:00, 53.06930693069171,
22:32:00, nan,
22:33:00, 53.06930693069171,
22:34:00, 53.06930693069178,
22:35:00, 52.99729972997177,
22:36:00, 52.7812781278116,
22:37:00, 53.069306930691866,
22:38:00, 53.213321332131954,
22:39:00, 53.06930693069164,
22:40:00, 52.85328532853161,
22:41:00, 53.213321332131954,
22:42:00, 53.213321332131954,
22:43:00, 53.285328532852034,
22:44:00, 53.35733573357206,
22:45:00, 53.06930693069194,
22:46:00, 53.35733573357197,
22:47:00, 53.06930693069164,
22:48:00, 53.42934293429205,
22:49:00, 53.213321332132026,
22:50:00, 53.06930693069178,
22:51:00, 53.14131413141179,
22:52:00, 53.14131413141179,
22:53:00, 53.35733573357189,
22:54:00, 52.7812781278116,
22:55:00, 53.28532853285188,
22:56:00, 53.35733573357204,
22:57:00, 52.9972997299717,
22:58:00, 53.06930693069171,
22:59:00, nan,
23:00:00, 53.14131413141179,
23:01:00, 52.9972997299717,
23:02:00, 53.28532853285196,
23:03:00, 53.06930693069171,
23:04:00, 53.141314131411875,
23:05:00, 53.213321332131954,
23:06:00, 53.06930693069185,
23:07:00, 53.42934293429198,
23:08:00, 53.64536453645246,
23:09:00, 54.00540054005273,
23:10:00, 53.93339333933257,
23:11:00, 53.71737173717254,
23:12:00, 53.28532853285196,
23:13:00, 53.14131413141186,
23:14:00, 53.069306930691866,
23:15:00, 53.21332133213187,
23:16:00, 53.28532853285196,
23:17:00, 52.925292529251834,
23:18:00, 53.21332133213188,
23:19:00, 52.8532853285316,
23:20:00, 53.5733573357323,
23:21:00, 52.92529252925169,
23:22:00, 52.56525652565142,
23:23:00, 52.70927092709144,
23:24:00, 52.925292529251536,
23:25:00, 52.9972997299717,
23:26:00, 52.85328532853153,
23:27:00, 52.70927092709151,
23:28:00, 52.63726372637143,
23:29:00, 52.925292529251536,
23:30:00, 53.71737173717263,
23:31:00, 54.14941494149291,
23:32:00, 54.14941494149275,
23:33:00, 53.93339333933265,
23:34:00, 53.71737173717247,
23:35:00, 53.71737173717261,
23:36:00, 53.71737173717247,
23:37:00, 53.213321332132026,
23:38:00, 53.42934293429228,
23:39:00, 53.50135013501229,
23:40:00, 53.42934293429212,
23:41:00, 53.3573357335719,
23:42:00, 52.9972997299717,
23:43:00, 53.213321332131954,
23:44:00, 53.213321332131954,
23:45:00, 52.6372637263715,
23:46:00, 52.7812781278116,
23:47:00, 52.92529252925161,
23:48:00, 52.92529252925162,
23:49:00, 53.141314131411804,
23:50:00, 52.781278127811674,
23:51:00, 53.2133213321318,
23:52:00, 53.213321332132026,
23:53:00, 52.78127812781159,
23:54:00, 53.06930693069185,
23:55:00, 53.3573357335722,
23:56:00, 54.293429342932995,
23:57:00, 53.3573357335722,
23:58:00, 53.35733573357213,
23:59:00, 53.21332133213188,
